卦序,索引,上卦,上数,下卦,下数,吉凶,卦象,卦名,卦意（邵雍）,符号,初爻（邵雍）,初爻吉凶,初女命,二爻（邵雍）,二爻吉凶,二女命,三爻（邵雍）,三爻吉凶,三女命,四爻（邵雍）,四爻吉凶,四女命,五爻（邵雍）,五爻吉凶,五女命,上爻（邵雍）,上爻吉凶,六女命,用九、六（解说）,用吉凶
1,乾乾,乾为天,0,乾为天,0,吉,乾,乾为天,天行刚健，自强不息，名利双收之象，宜把握机会，争取成果。女人得此卦则有过于刚直之嫌。,䷀,宜沉稳待机，若一动作即生灾疾，谋事不利，谨防小人。做官的会有阻力。经商的会有阻滞。女命则兴家业，孕生子。,平,吉,会得到贵人的提拔。做官的会遇到明主，身居要职。读书人考试能获得佳绩。经商者获利。女命逢之，则又富又贵。,吉,吉,会往来不停，财利难获，凡事不认真计划，躁动者会有损失。做官的会身兼重职，且事多繁冗，如果能保持忧虑和谨慎的态度则没有过失。女命逢之，性躁，难成为贤内助。,平,凶,百为艰难。做官的会停缺待职，等待机会。女命逢之，则安乐富贵也。,平,吉,会遇到贵人，谋遂志得。做官的会飞黄腾达。女命则兼男权，难免孤独。,吉,凶,有过刚取凶之祸，五十以后者不寿。做官的会退职，或遭贬。女命逢之，其性必悍，难成为贤内助。,平,凶,现群龙相互平等和谐亲善没有首领，十分吉祥。,吉
2,坤坤,坤为地,7,坤为地,7,,坤,坤为地,宜顺从运势，以静制动，不宜独立谋事，顺从他人，一起合作，可成大事。,䷁,宜谨防仇怨引起的纠纷。阴气盛的人则会大兴家业。做官的要谨防小人的谗言而生祸。,平,,会不愁吃喝，衣食无忧。做官的会升迁，身居高位。女命则为贤良起家。,吉,吉,谋望可成，认真经营会有收获。做官的会有升迁的希望。女命则为德妇。,平,吉,经营受阻，大凡谨慎收敛者，则无横来之祸。做官的要谨守常职，可望升迁。女命则贤而起家。,平,吉,将会获得财利，事事安稳，没有灾难。做官的将会升迁，飞黄腾达。女命则为德妇，贤惠之人。,吉,吉,有竞争的困扰，会有大的损失。做官的会有被贬之祸。,凶,,利于永远坚持下去。,吉
3,坎震,坎为水,5,震为雷,3,,屯,水雷屯,身处困境，宜守不宜进，须多加辛苦努力，排除困难，方可通达，有初难后解之象。,䷂,安分守己者则无忧，躁动者不利。做官的暂时未受到重用，坚守正道，好运可期。女命则为良妇而兴家。,平,吉,有婚嫁之喜事。做官的权柄日盛。,平,,须安分守己，否则会有灾难。做官的有贪污之嫌，有被停职降职之忧。,凶,,谋事可成，百事和合，会得到朋友的帮助，大吉大利。做官的将会名声显赫，有升迁之机。,吉,,谋事者切勿急躁，小事可成，大事无望，甚至会招来凶祸。,平,,家道中落，须防损失。做官的须谨防小人的谗言。,凶,,,
4,艮坎,艮为山,6,坎为水,5,,蒙,山水蒙,智慧犹如童蒙，不辨是非，迷失方向；若能顺贤师良友之教，启其聪明则亨通。,䷃,多有官诉，亲朋不和，多争斗，终能脱解。做官的为教育之职，或为司法系统之职。,凶,,人情和合，百事有成，或结婚，或生子孙，有财有福。做官的会守住官职。,吉,,会生是非，小则破财，大则伤身。做官的会因为贪婪而自取其辱。,凶,,人情淡薄，经营受阻。静无灾，动有损。做官的因为无人赏识而难以晋升。,凶,,依附贵人、良师者百事顺遂，谋望可成。,吉,,宜守旧，须谨防争讼，寇盗之扰。做官的会有司寇之名职。,平,,,
5,坎乾,坎为水,5,乾为天,0,,需,水天需,时机尚未成熟，需要耐心等待，急进反会见凶。,䷄,宜守旧，则无灾祸。做官的须守常职，耐心等待机会。,平,,会受到争诉之扰，若能以宽厚待人，则不辩自明。做官的会受到流言的困扰，但最后吉祥。,吉,,须防止窃盗之患，亦要预防水险。做官的会被贬职。,凶,,坏运逐渐远离，恢复平静。做官的能全身而退。从事国学者可出身成名。,平,,会物产丰富，衣食不缺，也会有婚嫁之喜。做官的食禄会丰厚。,吉,,宜谨慎，则忧愁自散。做官的会有升迁之机会，但须防谗邪之流。,平,,,
6,乾坎,乾为天,0,坎为水,5,,讼,天水讼,身心不安，事多不顺，与他人多争诉之事，宜修身养性，谨慎处事。,䷅,会生起是非，但终吉。有病者，不药而愈。做官的会遭诽谤，但会不辩自明。,吉,,平安无事。做官的会有食邑之荣。,平,,宜保持常态，则无灾难。做官的宜谨守常职，晋升无望。,平,,会转危为安。做官的会闲中复职。,吉,,经营、谋事、求财皆大吉。做官的会受到重用。读书人会获得佳绩。,吉,,会有争诉之忧，宜修德养身，化大为小。做官的会有成有败，患得患失。读书人认真学习，必可获佳绩。,平,,,
7,坤坎,坤为地,7,坎为水,5,,师,地水师,困难重重，忧心劳众，宜包容别人，艰苦努力，摒除一切困难。,䷆,经营得当，则财货日增。但妄动者，成少败多。不良者，多险难刑伤。做官的宜谨守正道，则会得到上级的欣赏。,凶,,会遇到贵人，谋事可成。做官的会受到上级的赏识，有升迁之机会。读书人会取得佳绩。,吉,,多有悲优，或家中亲人病故。做官的会受职待缺。,凶,,安居乐业，无妄动之灾。做官的官运不济，不宜妄想。,平,,财富日增，若用人得当，则谋望可成，但须谨防小人之危。做官的或有实权，或因为谏言而地位高显。读书人会取得佳绩。,平,,可立家计，或继承家业，但谨防小人从中作梗。做官的会当权立功。专业人才则会技艺成名。,平,,,
8,坎坤,坎为水,5,坤为地,7,,比,水地比,可获朋友之助，众人之力，谋事有成，荣显之极。,䷇,会遇到知己，谋事称心如意。做官的会有意外之喜。,吉,,得贵人之助，营谋遂意。做官的会无过失，安然而吉亨。读书人或能成名。女命则会得贤夫。,吉,吉,交友不慎，或有争诉，破财刑伤。做官的要谨防同僚不睦而造成不顺。女子则所嫁并非良人，破家丧身之象，不然则会争诉破财。,凶,凶,出外有利，多得知己之力，事事顺利。做官的会有升迁之喜。,吉,,会先逆后顺，谋事有成，无往不利。做官的会有大的荣耀。读书人会考的佳绩。,吉,,刑克有灾，人情淡薄，甚者恐有性命之忧。做官的会失去下属的支持，处境危难。,凶,,,
9,巽乾,巽为风,4,乾为天,0,,小畜,风天小畜,力量薄弱，运势反覆，宜蓄养实力，静待时机，急进则有险，凡事须耐心推进。,䷈,宜守旧业，不宜创新。谋事者，须防猜忌疑惑之祸。做官的会闲位复职。,平,,有人相助，营谋遂意。做官的有升迁之机会。,吉,,荣而见辱，进而见退，或有足目之疾，或夫妻反目，或君臣疏远，或朋友是非，血气损伤。,凶,,心诚者，人情和合，营谋颇遂。做官的会得到上司的提拔，久任者，能转运。,平,,能得到他人的帮助，百谋称心。做官的会得到上级的赏识，下属的拥戴，德高望重。,吉,,会受到小人的骚扰，宜修德养身，不妄进者，则可免灾。妇女占得此爻则凶，君子离家出行有凶险。,平,凶,,
10,乾兑,乾为天,0,兑为泽,1,,履,天泽履,困难时期，多坎坷不顺，万事不宜急进，须循序渐进，谨慎行事。,䷉,营谋有计，则财利日增。做官的若修德养身，则有升迁之机。,平,,安然自乐，修身养性。做官的会有全身而退之兆。,平,,会有争诉，囚狱之扰，甚者家破人亡。做官的则会有被贬职之祸。,凶,,会有危险，宜温和自持，可免灾祸。做官的会有虎符将帅之兆。读书人将会取得不错的佳绩。,平,,躁动妄行者，则祸患将至，甚者有性命之忧。做官的会功高盖主，而不赏。,凶,,财利可获。做官的宜退而以享安静和平之福。读书人努力者可获佳绩。,吉,,,
11,坤乾,坤为地,7,乾为天,0,,泰,地天泰,否极泰来，鸿运当头，诸事皆顺，但须防乐极生悲。,䷊,志同合谋，财利日增。做官的会逐步升迁。,吉,,会有好运，必遇尊贵，但要防长上有损，言语有伤。做官的会身居高位，功名显达。,吉,,须谨慎自持，宜保守，则安，不然会犯小人，事事遇阻。做官的会比较艰难，须防小人和别人的妒忌。,平,,营谋失利，退守可平安。做官的进取难成，宜退守。,平,,会得到别人的赏识和抬举，或结婚生子，幸福安乐。做官的或能升迁，或有喜事。,吉,,会有破损，有疾病，谨慎厚道者可免祸。做官的会被贬职。,凶,,,
12,乾坤,乾为天,0,坤为地,7,,否,天地否,万物闭塞之象，上下不合，诸事不顺，凡事宜忍，须待时运好转而有为。,䷋,宜守旧，小人得势之时，爻辞虽好，但须谨防小人牵连之事。做官的受职者待缺，当权者防扰。,平,,宜忍耐，宽容待人，不然会生是非。做官的宜低调行事。,平,,须防是非争诉之扰。做官的会退休离职。,凶,,家产日增，吉庆安乐。做官的会得到朋友和同僚之助，或升迁，或进财。,吉,,旧祸已去，好运将至，诸事皆吉。做官的会身居重位。,吉,,将会转好运，久困者利可期，久讼者讼事解。做官的失职者复职，闲缺者会走马上任。,平,,,
13,乾离,乾为天,0,离为火,2,,同人,天火同人,吉祥如意，与人合作共事更佳，上下同心，谋事有成。,䷌,能与人合伙经营获利，或出家远行，或修造门户，或在他处学习。做官的或会受到重用，或有升迁之机。,平,,事多不定，与宗人朋友多不和，相互多猜忌，面和心不合，容易起是非。做官的没有升迁之机，需耐心等待。,凶,,或有丧亲，或有诉讼打官司之患。做官的须防被免职之忧。,凶,,亲友之间会互相猜忌，荣中有辱，结果会好些，凡事须多加提防则可吉祥。做官的若能兢兢业业，则有提拔之机遇，或会受到表彰。,平,,先难后易，是非不一。做官的会先贬后升。,平,,宜守常，不宜激进。做官的则多有出差的机会。,平,,,
14,离乾,离为火,2,乾为天,0,,大有,火天大有,正当好运，事事吉祥，大有收获，但需防物极必反，盛极转衰。,䷍,心绪不定，小人欺凌，很是艰辛，长辈或有灾难。做官的须急流勇退，不可贪婪荣华富贵。,平,,营谋得利，财利丰厚，但不利于老人的健康。做官的闲职者会受到重用。,吉,,有灾难，举步维艰，勿近小人。做官的会受到重任，读书人会取得很好的成绩。,平,,宜守常，则可避免伤害，眼睛方面或会出现病症。做官的须安于现状，不可激进，则可免祸。,平,,须相时而动，切不可骄傲自负，以免自取其祸。做官的宜退不宜进。,吉,,得到祖上之庇佑，一路好运。做官的以及读书人会进职成名。,吉,,,
15,坤艮,坤为地,7,艮为山,6,吉,谦,地山谦,吉利平安，步步高升。谦虚忍让者前途大好，骄横者必招败。谦受益，满招损。,䷎,宜远行或出游，出外做生意会发财。做官的须退守，不宜与人争利，出差的机会会多。,平,,不宜轻举妄动，宜退守。做官的会升迁，读书人会进取成名。,吉,,营谋得利，但会劳心劳力。做官的会高升。,吉,,无所不通，但做官的、读书人及商人宜固守退让，太盛则有过。,吉,,会得到贵人的帮助而成事，会获得利益，但须谨防生出祸端，与人争诉。当官的会文武兼用，利于进取。读书人会有金榜题名之机会。,平,,有争诉之扰，但会不辨自明。做官的须修德养身，进取有望。,平,,,
16,震坤,震为雷,3,坤为地,7,,豫,雷地豫,顺天应时，事事吉祥，可得长辈之助，但须防色难，切不可沉迷于声色欢场之中。,䷏,不顺，有口舌之争，前进有阻力。做官的不要得意忘形，须谨慎，以免生祸。读书人则可能会一鸣惊人。,凶,,会获利。做官的宜急流勇退，读书人有成名之机。,吉,,投机取巧，是非不一。,凶,,进取成名，经营获利。做官的会得到知己，进取有望。,吉,,多心事，有灾难，或有腹疾。做官的多洋洋得意，持恩固宠，难免有失。,凶,,因为心气太高，会有诉争之扰，但若能改过自新，心态平和，则不会有过失。做官的会有贪污之嫌，须明哲保身。,平,,,
17,兑震,兑为泽,1,震为雷,3,,随,泽雷随,宜随大势，其事可成。凡事与他人多沟通交流，可名利双收。切不可坚持己见，专横者事不成。,䷐,多获利。做官的正当好运，有升迁之机。,吉,,不安宁，或受小人的暗算，是非不断。当官的宜退守，进取者要有自知之明。,凶,,营谋遂意，但宜走正道，才能得利。做官的会得到保举而升迁有望。,平,,会得到好人的抬举，化凶为吉。做官的会身居要职，努力进取者可成事，可获得名利。,平,,营谋遂意，多喜庆之事，做官的会升职，或多喜事。,吉,,苦难多多，不很如意，重病者会有生命之忧。做官的须防止小人的谗言。,凶,,,
18,艮巽,艮为山,6,巽为风,4,,蛊,山风蛊,艰难迷惑之时，事事不如意;宜大胆革新，奋发图强，艰苦努力，可转危为安。,䷑,会得到祖先的庇佑，营谋遂意。做官的会受到重任，改革创新。,吉,,改旧从新，则会如意。女命勤俭持家，性忠直者多福。,平,吉,躁进者有失，不听信谗言者则无难。,凶,,事事见忧，有足疾。,凶,,多喜庆之事，家中或进人口。做官的进取有望，名誉远播。,吉,,宜守旧，好运者，多遇尊贵，能获得提拔。做官的宜退守，或告休。,平,,,
19,坤兑,坤为地,7,兑为泽,1,,临,地泽临,好运来到，诸事如意，人情和合，但行事不宜过于急进。,䷒,会交好运，营谋称意。做官的会得到众人的拥戴，能升迁。读书人参加考试者必能考出佳绩。,吉,,营谋获利，但宜认清时机，不然不能成事，美中不足。做官的会光明磊落，地位清高。,吉,,有忧愁，会受苦劳累。做官的会受到小人的谗言攻击，志不能伸。,凶,,人情和合，经营得利，但要成大事者，须谨慎而行，做好准备再进取。做官的会得到同僚的帮助。,平,,万事如意。做官的会得到上司的赏识。,吉,,多获利，无往不利，但谨防气势太盛而变衰。做官的会得到上司的器重，委以重用。,吉,,,
20,巽坤,巽为风,4,坤为地,7,,观,风地观,处身于变化之中，心神不宁，宜多观察入微，待机行事，切勿妄进。,䷓,宜防小人，诸事有困难，弄巧成拙。做官的有危难，不宜进取。,凶,,在家不如意，外出谋事则好，或喜或忧，或因妇人而起是非，大抵宜动不宜静。此爻女喜，男悲。,平,吉,三心二意，须谨慎行事，知难而退。做官的进退无常。,平,,宜出外谋事，多与外人交往，则有利。做官的或居闲职，清高之地。,平,,时来运转，利益丰厚，对于妇人则有怀孕之喜，病重者有生命之忧。做官的会因为自己良好的官德，爵禄有升。,吉,,运势不通，心有余而力不足，怀孕者利于生育，久病者会痊愈。做官的宜退守，修德养身。,平,,,
21,离震,离为火,2,震为雷,3,,噬嗑,火雷噬嗑,事不遂心，纷争难免，诸事被阻，宜坚守常规，不为利诱，可保平安。,䷔,宜谨慎行事，以免生祸端。做官的会遭到贬职。,凶,,进退艰难，是非不断，或生暗疾，骨肉有伤。做官的不会顺利，会有所纠结。,平,,不易成事，运气不顺，或生心腹之疾，或有惊险。做官的才力不及，有失。,凶,,经商必获利。做官的会升迁，读书人会成名。,吉,,行好运，有病的会痊愈，有冤的会昭雪，读书人进取成名，做官的会剪除小人。,吉,,须防争诉，不良者，耳目不明，血气不顺，或有生命之忧。做官的须防止小人的谗言而遭致贬职。,凶,,,
22,艮离,艮为山,6,离为火,2,,贲,山火贲,表面风光，内在空虚，多虚少实。宜充实自己，稳重行事，量力而为。,䷕,多奔波，静凶动吉。做官的须防退职之患。,平,,得人提拔，好运可期，但也要相时而动，不可随性而为，以免遭难。做官的会因人成事，升迁有望。,平,,好运来到，不必费力，自然荣盛，即使有是非纠纷，也不足为患。做官的与人和睦，能居要职。,吉,,先凶后吉，忧中有喜，虽有危险，终得安宁。未婚者，有望成家。做官的先难后易。,平,,会遇贵人，经营获利，多喜事。做官的闲职者会受到重用，在职者福禄双全。,吉,,须防好运转凶，家中、亲属有长辈或命终。做官的会升迁。,平,,,
23,艮坤,艮为山,6,坤为地,7,,剥,山地剥,时运不佳，多有损失，前进有阻，宜顺时而止，安份自守。,䷖,营谋不遂，或有手足之灾，或兄弟不睦，凶则家破身亡。做官的有升迁之机会，但宜见机行事。,凶,,营谋不遂，或受到小人的侵辱，或受到他人的猜忌。做官的须防被贬职。,凶,,难遇知己，生涯不顺，欲求名利，必须创新，此爻像父母妻子或有忧，须谨防。做官的会遇到明主或大官提拔。,平,,时运不佳，危难之时，多有争诉刑克之事。做官的须谨防小人的谗言，以免遭难。,凶,,人情和合，营谋得时，家和福生，妇人进财。做官的升高进职，居要位。读书人、学子考试必能考出佳绩。,吉,,须谨慎，踏实稳重者可无忧。商人生意买卖会不错。做官的会有权柄。,平,,,
24,坤震,坤为地,7,震为雷,3,,复,地雷复,时运好转，顺势而为，谋事可成，但不宜过于急进。,䷗,万事如意，经营获利。做官的会位高权重。读书人会取得佳绩。,吉,,与人共利，事业兴旺，病者痊愈。做官的遭贬者会复职。,吉,,事多反复，阴阳差错，时好时坏。做官的职位不稳定，更变无定。,平,,好运可期，营谋得利。做官的会复职。,平,,会有积蓄，但要谨防父亲出意外。做官的有升职之机会。,吉,,做事乖张，诸事不顺，静吉动凶。做官的会过于贪婪权力而有损。,凶,,,
25,乾震,乾为天,0,震为雷,3,,无妄,天雷无妄,顺其自然，守正道者，诸事皆宜。但行为不检者，必招灾祸。,䷘,营谋得利。做官的会得到上司的赞许，百姓的爱戴。,吉,,正当好运，不劳而获。富人进财多，商人出外获利。当官的会升官。读书人会取得佳绩。,吉,,无妄之灾，破财损身。做官的不宜进取。,凶,,宜守旧，图谋有实，不致虚浮。做官的宜守职，勿妄动。,平,,营谋有成，病得愈，或有生育之喜。做官的纵有祸难，也会不辩自明，不解自释。,平,,好运已过，不可妄动，否则是非迭生，唯有变通可免祸。做官的妄动有被贬职之忧。,平,,,
26,艮乾,艮为山,6,乾为天,0,,大畜,山天大畜,宜坚守正道，脚踏实地，务实行事，方可成就大业。切勿骄傲自满，目空一切。,䷙,宜守旧，不然会有不测之祸。做官的宜退居闲职，或退位。,凶,,须谨防是非，或有足疾、腰疾。,凶,,会得到长辈的重用，或知己相助，前运辛苦，后可有获。做官的会有实权。,平,,营谋有望，财富增加。做官的会有升迁之喜。,吉,,营谋遂意，多有喜庆之事。做官的会高升。,吉,,万事如意，心想事成，好运连连。做官的会得到上司的提拔，或被举荐而高升。读书人会进取成名。,吉,,,
27,艮震,艮为山,6,震为雷,3,,颐,山雷颐,对于言语及饮食，均须谨慎。宜守正道，谨言慎行，心怀阴谋者会招灾祸。,䷚,为争夺财利而起祸，大凡心底善良守正道者可无忧。做官的会受贿，失其廉。,凶,,大起大落，是非不一，凶者病致死。做官的须防被贬职。,凶,,运势低迷，荒诞无稽，甚至有生死离别之伤。做官的有丧名失节之患。,凶,,会得到好人的帮助，营谋遂意。做官的会得到祖上的恩惠，幸宠有加。,吉,,会有依靠，事可成，但不可乘船涉险。做官的会因人而功可成，位可保。,吉,,营谋有成，无往不利。做官的爵禄荣重。读书人会取得佳绩。,吉,,,
28,兑巽,兑为泽,1,巽为风,4,,大过,泽风大过,身心不安，事不如意，却又强意而行，大有后悔之时，谨防官非及水险。,䷛,谨慎行事，财利可固。凶者，防孝服之忧。做官的小心谨慎则禄位巩固。,平,,或娶妻纳妾，或生子，君子得少妻义子。做官的去位者会复职。,吉,,须防大难而遭致家产有失，或有足目之疾。做官的须谨防被贬职。,凶,,多有修造之事，可做大事，勿谋小事。做官的必能受到重用。读书人进取成名。,吉,,营谋不利，或喜中生忧，美事成丑；先逆后顺之象。做官的不可久任。,平,,不宜进取，退守为安，面部或有疾。做官的有功高震主身危之祸。,凶,,,
29,坎坎,坎为水,5,坎为水,5,,坎,坎为水,运气不佳，多难危险，事多困阻，宜谨言慎行，退守保安。,䷜,时运不佳，宜防跌入陷阱灾难之中。做官的须防小人。,凶,,有小成就，女命或为侍妾，凶者防险难或生心腹血气之疾。做官的会有小的成就，大事不成。,平,,多坎坷，多争诉之事。做官的宜退守。,凶,,多喜事，或有结婚之喜。做官的多饮食之乐。,平,,平淡无常，宜养精蓄锐。做官的没有危难，职位无忧。,平,,须防牢狱之灾。做官的须防职权旁落之忧。,凶,,,
30,离离,离为火,2,离为火,2,,离,离为火,宜谦虚谨慎，稳步进取，则前途光明。急进及意气用事者必有所损失。,䷝,须防无妄之灾，宜谨慎，或有足疾。做官的宜安守。,平,,财利可获。做官的会受到重用。读书人会取得佳绩。,吉,,乐中生悲，吉中生愁，险难迭生。做官的告休。,凶,,时运不济，困难重重，或和长辈不睦，或遭官灾。,凶,,不宜进取，宜守常。做官的在位者得志，退职者多险危。,平,,时运佳，多喜事，经营获利。做官的会功成名就，读书人会取得好成绩。,吉 ,,,
31,兑艮,兑为泽,1,艮为山,6,吉,咸,泽山咸,宜谦虚待人，则会吉祥如意，谋事可成。但勿为不正当感情而意乱情迷。,䷞,行事过急，多难成就。做官的须修身养性，等待机会，京官出，闲官起。,平,,奔波徒劳，宜静不宜动。做官的在位者吉，出差者有险。,平,,最好退守，做官的谨防被贬。,平,,朋友相助，可谋小事，大事有困难，心绪不定。做官的秉公执政，升迁有望。,平,,人情不合，营谋微小。做官的多与同僚不睦。,平,,多口舌之争，防止被他人诽谤，从事演讲、技艺、评论者吉。做官的或遭言责。,平,,,
32,震巽,震为雷,3,巽为风,4,,恒,雷风恒,须立身正道，坚守不易，持续努力，必能亨通。缺少毅力，朝三暮四者则不会成功。,䷟,人情乖离，前途渺茫，静守可免祸。做官的难于受到上司的赏识。,凶,,安分守己则无忧。做官的宜洁身自爱，谨慎行事。,平,,须防小人诽谤，争诉之扰。做官的须防被贬。,凶,,营谋费力，难以成事。做官的时运不济，有所退步。,凶,,多招毁谤，有所损失。做官的多阿谀权势而有失。,凶,,求名望利，小能成，大则无功，女人不利夫子。做官的会很劳累，多动少静。,凶,,,
33,乾艮,乾为天,0,艮为山,6,,遁、遯,天山遁、遯,宜退不宜进。退守可以保身，若轻举妄动则会招灾。宜谨言慎行，待机行事。,䷠,宜安分守己，可无忧。做官的宜择机而退。,凶,,家中有争执，安常守分无忧，农人有进牛畜之喜 。,平,,多灾多难，良善者，得妻之力，或进人口。做官的宜急流勇退。,平,,虽有收获，但谨防因小人而受祸。做官的宜告休避难。,平,,近贵多利。做官的或升迁，或功成身退。,吉,,营谋获利，家肥业厚。做官的乐天知命，退居闲职。,吉,,,
34,震乾,震为雷,3,乾为天,0,,大壮,雷天大壮,运势过于强盛，宜心平气和，谨慎行事，否则必生过失。,䷡,会有争诉，动则凶，须防足疾。做官的须防小人的谗言而受辱。,凶,,营谋得意。做官的中庸处事，心中无愧。,吉,,或有官司之事，或家中有丧，人财不利。做官的多祸难，进退难安。,凶,,常人得福，久静者必动，动则吉。做官的闲职者复职，进取如意。,吉,,一筹莫展，不能得利，病者有丧身之兆。做官的会荒于政务。,凶,,进退两难，多是非争诉，宜守常。做官的宜退不宜进，恐有遭贬之危。,平,,,
35,离坤,离为火,2,坤为地,7,,晋,火地晋,如旭日东升，气运旺盛，收入颇丰，谋事可成，百事如意。,䷢,忧愁参半，静则吉，动则凶。做官的不宜进取，须防流言。,平,,求谋称意，多得母亲扶助，或得妻财。做官的守正者会进取。,吉,,得朋友之助，营谋遂意，但谨防意外之险。做官的有升迁之机。,平,,时运不佳，或有争诉。做官的不宜进取，有阻力，须守正。,凶,,好运到来，营谋获利。做官的有升迁之喜。,吉,,有修屋宇之喜，不良者有争诉之忧。做官的有食邑之荣。,平,,,
36,坤离,坤为地,7,离为火,2,,明夷,地火明夷,时运不佳，事事劳苦，宜坚守正道，忍耐自重，等待时机。,䷣,或有手足之伤，善者有进财纳福之喜。做官的有飞黄腾达之象，但谨防有失。,平,,常人或有难，但会得贵人之助。做官的会有实权，能当大任。读书人会取得好成绩。,吉,,有修屋宇造作之兆。不良者，左股或有伤，多忧愁分离之患。,平,,出外营谋者会顺利，妇人有孕者生男，不良者或生心腹之疾。做官的闲职者会复职，在职者，多出外任职，韬光养晦者必出身成名。,平,,难逢知己，或有家难之祸。做官的须修德养性可保无忧。,平,,先喜后忧，老者或不寿。做官的防止遭人流言，或被贬。,凶,,,
37,巽离,巽为风,4,离为火,2,,家人,风火家人,与人合作共事者会有利，且多有喜事之象，家庭和睦者，能同心协力，发展事业。,䷤,谋事有成，未婚者会结婚，老者不利于寿。做官的闲职者会晋升有实权，当职者则权力旁落。,平,,营谋成家，多喜事。做官的会荣华富贵。,吉,,忧喜参半，谨防沉迷于享乐中。做官的严而少宽恕之恩。,凶,,时运正佳，贵人提拔，孤寡见亲。做官的仕途顺利，升迁有望。,吉,,营谋得利，会得到贵人的提携。做官的显贵，进取有望。,吉,,营谋称意，女命更好。做官的位高权重，读书人进取成名。,吉,,,
38,离兑,离为火,2,兑为泽,1,,睽,火泽睽,运气不佳，水火不容，相互矛盾，诸事难成。,䷥,营谋先失而后得，人事先离而后合，谨防凶恶之灾患。做官的闲职者复职，被贬者复升。,平,,会得知己，营谋遂意。做官的会遇到明主，升迁有望。,平,,谋望有阻，险中求安，先迷后顺。不良者有骨肉刑伤之厄。做官的须防小人的谗言。,凶,,能得到朋友的帮助，转危为安，求婚者必配。做官的会得到同僚的推荐，升迁有机。,平,,经营获利，抬举有人。不良者，亲朋怨恶，骨肉刑伤，官司牵连。做官的会获得成就与名望，读书人会取得佳绩。,平,,遭污受诬，先损后益。做官的须防被诽谤之忧。,平,,,
39,坎艮,坎为水,5,艮为山,6,,蹇,水山蹇,身心忧苦，举步维艰，宜守正道，不可妄动，涉险境者会有灾难。,䷦,宜守旧安常。做官的稳步进取，好运将至。,平,,涉艰历险，营谋有阻。做官的宜保持忠贞，报效国家。,凶,,不宜进取，或有妻子之喜。做官的位高者会晋升。,平,,不良者会有争诉。做官的进升有机，求名望利皆有实而不虚。,凶,,会得到贵人提举，无往不利。,吉,,好运来到，营谋遂意。做官的会身居要职，读书人进取成名。,吉,,,
40,震坎,震为雷,3,坎为水,5,,解,雷水解,能解脱先前之困难，宜把握良机，求谋事业，出外谋事者更佳。,䷧,经营者吉，未婚者配。做官的德位相称，晋升有望，读书人会取得好成绩。,平,,正当好运，财利可获。做官的会荣华富贵，读书人会取得佳绩。,吉,,须防窃盗，是非诉讼。做官的谨防被贬之忧。,凶,,须防小人，或有交友不慎之祸。,凶,,正当好运，君子有利，病者愈。做官的会身居要职。,吉,,运途顺利，多营谋获利。做官的闲职者会复职，居要位。,吉,,,
41,艮兑,艮为山,6,兑为泽,1,,损,山泽损,损己利人，虽然开始会有所不顺，但付出总会有所回报，因祸得福之象。,䷨,谋事得当，可获利，不良者，或因酒食误事。做官的会因为工作忙碌而顾不得家庭，声望日盛。,平,,宜谨守勿动。做官的时机未成熟，难于升迁。,凶,,合力经营，获利者多，未婚者配。做官的与同僚关系融洽，进取有望。,平,,多喜庆之事，有灾者转好运，有病者愈，有忧者转喜。做官的闲职者将被起复。,平,,运势大好，财利丰富。做官的会得到领导的赞赏和提拔。读书人会取得佳绩。,吉,,贵人扶持，财利可期。做官的会得到下属的爱戴，领导的器重。,吉,,,
42,巽震,巽为风,4,震为雷,3,,益,风雷益,正当好运，奋发图进，得人帮助，能获名利。,䷩,大事可成，万事称心。做官的会高升，读书人会取得大的成绩。,吉,,商贾获利，福份多多。做官的仕途一帆风顺，读书人进取成名。,吉,,常人获利，不良者大凶，官灾祸患并至。做官的会受到重用，委以重职。,平,,或会迁居，或有修造，诉者利，官者伸。做官的会被领导委以重任。,平,,谋望称意，事多顺利。做官的会遇到明主，仕途顺利。,吉,,贪图名利，或有意外之祸，刑克损伤之灾。做官的因为贪求名位，或被贬职。,凶,,,
43,兑乾,兑为泽,1,乾为天,0,,夬,泽天夬,大运将过，困难将至，宜提高警惕，谨言慎行。,䷪,会有无妄之灾，宜静守。做官的躁动者有损。,凶,,多忧愁，多惊险，谨防盗窃之事发生。做官的多掌兵权。,凶,,会有争诉之忧，品行端正者无忧，初见艰难，终得安乐。做官的除奸不成，反被倒咬一口。,凶,,心绪不定，所谋不成。做官的有心而力不足，难于升迁。,凶,,营谋遂意，诉者伸，有病者愈。做官的须防奸邪之辈侵害。,平,,营谋不成，宜守常，不良者，骨肉刑克，是非缠绕。做官的难于久任，激流勇退为佳。,凶,,,
44,乾巽,乾为天,0,巽为风,4,,姤,天风姤,阴长阳衰，诸事不顺，宜谨慎行事，更应注意桃色纠纷。,䷫,或遇贵人好友提携而发财，女人有生育之喜。不良者，须防疾诉忧患，或女人有不贞之事。做官的有被贬职之忧。,平,,有财运，妇人则有怀孕之喜。做官的晋升有望。,平,,多灾难。做官的会退步，或者被贬。,凶,,多是非之扰，年老者不利于寿。做官的有损，多难。,凶,,会遇到贵人提携，有意外之喜，妇人有怀孕之喜。做官的会为栋梁之才。,平,,营谋艰辛，孤立无助。做官的功名大显，但好运将尽。读书人努力进取者能取得佳绩。,凶,,,
45,兑坤,兑为泽,1,坤为地,7,,萃,泽地萃,运气大好，能得到贵人的帮助，获利丰厚，无往不利。,䷬,会受到小人的陷害，先凶后吉，宜谨慎从事。做官的会被贬职。,平,,正当好运，贵人提举，营谋得利。做官的得人引荐，能升迁。,吉,,家里不安，六亲有损，老者多凶。做官的在位不得安宁，出外则艰辛。,凶,,不从正道者，会有凶祸，惟大德君子，可改过得福。做官的须防他人猜忌，宜弃高就低，急流勇退为吉。,平,,人情不合，营谋有阻。做官的不得人心，其志未光。,平,,事多烦扰，不能安宁，或上下无情，长幼忧愁，名利成虚。,凶,,,
46,坤巽,坤为地,7,巽为风,4,,升,地风升,运气升腾，诸事皆积极向上发展，谋事有成，名利双收。,䷭,名利双收，营谋遂心。做官的晋升有望。,吉,,常人有喜，病者安，谋事可成。做官的有升迁之机。,平,,营谋遂意。做官的会身居要位，读书人可成名。,平,,得山林之利，隐者有山林之乐。做官的会升迁，身居要职。,吉,,正行好运，大愿可成。做官的会高升。,吉,,有贪得无厌之祸。做官的会告休。,平,,,
47,兑坎,兑为泽,1,坎为水,5,,困,泽水困,陷入困境，事事不如意，宜坚守正道，等待时机。,䷮,有惊忧，或有丧服之灾。做官的会退职。,凶,,得贵人提携，营谋获利，静吉动凶。做官的有晋升之机。,平,,多难之时，宜守正谨慎。,凶,,谋事虽然不利，但终有出险之时，从商者或周转不利。做官的闲职者会被起用。,凶,,先难后易，不良者有诉刑之扰，丧服之忧。做官的先阻后顺。,凶,,防惊忧丧服，惟商人、旅行者利有攸往。做官的会有刑罚束缚之忧。,平,,,
48,坎巽,坎为水,5,巽为风,4,,井,水风井,宜修身养性，顺其自然，泰然处之，静有利，动则凶。,䷯,谋事有阻。做官的会退居闲职，求名者不遂。,凶,,宜谨守以避祸。做官的宜退以自保。,凶,,安分守己为吉，不良者或有灾。做官的难逢明主，需另觅良机。,平,,宜安分守己，或有迁居之喜。做官清廉者，修身立命，可望上进。,平,,营谋遂意。做官的品行端正，会得到上司的赞赏。,吉,,谋事顺利，财用充足。做官的功高德厚，能得升迁。,吉,,,
49,兑离,兑为泽,1,离为火,2,,革,泽火革,凡事均在变动之中，宜去旧立新，以应革新之象，则会吉祥。,䷰,宜谨守常规，不可存非分之想。做官的不宜进取，切不可怀出位之念。,平,,多喜庆之事，做官的会升迁。,吉,,多事之时，谨慎而行。做官的有躁动失政之忧。,凶,,会有转变，有收获。做官的会有升迁之机。,平,,时运转好，多吉利之事。做官的晋升有望。,吉,,安分守己则是非不扰。做官的进取者会晋升，离退休者会功成身退。,平,,,
50,离巽,离为火,2,巽为风,4,,鼎,火风鼎,时运正佳，能得到朋友的帮助，取得不错的成就。与人合伙共事更佳。,䷱,因人成事，多喜事，或结婚，或生子，忧者喜，贱者贵。做官的会因功得晋升。,平,,虽有收获，但须防忧。做官的秉公执政，须防小人的谗言之扰。,吉,,先难后易，老者多福，年轻人多不如意。做官的会遇到阻力，但最终的结果会好。,平,,多灾之时，或生足疾。做官的有被贬职之忧。,凶,,时运不错，多获利。做官的多吉兆，多升迁。,吉,,安稳利达，谋求遂意。做官的闲职者复职，离退者功成身退。,吉 ,,,
51,震震,震为雷,3,震为雷,3,,震,震为雷,奋发振作，大可有为，但表面风光，内恐有难，宜谨言慎行，以免损失。,䷲,好运到来，先惊后喜。,吉,,多难之时，或有争诉，小心为妙。做官的有遭奸邪之辈陷害之忧。,凶,,多忧愁，多灾难，宜谨慎，可免祸。做官的不宜进取。,凶,,一筹莫展，前进有阻。做官的有被贬职之危。,凶,,不吉之时，或有手足受损之忧。做官的守常者无忧。,凶,,须谨防意外，或夫妻有刑克，亲邻遭难。做官的要谨防被贬职之忧。,凶,,,
52,艮艮,艮为山,6,艮为山,6,,艮,艮为山,前路受阻，不宜妄进，宜守待机。,䷳,宜守本份，不要纵欲。做官的保守己职者无失。,平,,运势受阻，或奔波在外，多劳苦；或有足疾。做官的得不到他人的帮助，不宜上进。,凶,,不顺之时，危难不安。,凶,,宜安分守常，不可有非分之想。,平,,正人君子，人情和合，谋望遂意。做官的会居要职。,平,,多福多利，但易防不吉之事。做官的会升迁，读书人会取得佳绩。,吉,,,
53,巽艮,巽为风,4,艮为山,6,,渐,风山渐,逐步开运，凡事宜循序渐进，则谋事可成，不宜急进，性急则败。,䷴,运气不佳，谋为不利。,凶,,无往不利，随处皆安。,吉,,多惊扰，人情不睦，盗贼侵害。做官的上进有阻力，有被贬之忧。,凶,,利于修造，自给自足。做官的须随遇而安，升迁无定。,平,,先难后易，做官的多招诽谤，先暗后明。,吉,,得人荐举，谋望有成，祸患不侵，多福多利。做官的大运来到，会得到重用。读书人会取得好成绩。,吉,,,
54,震兑,震为雷,3,兑为泽,1,,归妹,雷泽归妹,困难之时，做事有违常理，灾祸不断。宜明察事理，修身养性，断绝妄念。,䷵,有小德，谋望顺遂。做官的或有政绩。,吉,,不宜进取，守旧者则祸害不生。,平,,进退无常，劳役悲苦。做官的有被降职之忧。,凶,,不是佳期，须待时运。,平,,正值好运，或成婚，或得财。做官的会受到重用，身居要职。,吉,,事多不顺，营谋皆空。做官的居虚位而无实禄。,凶,,,
55,震离,震为雷,3,离为火,2,,丰,雷火丰,运势正强，谋事可成，名利双收。但不宜过贪，要知足常乐，谨防乐极生悲，损财甚至火险。,䷶,得贵人提拔，谋望有成，不良者有大过，必招灾殃。做官的会遇到明主，得以晋升。,平,,有久困发财之美，有讼者不辩自明，有病者会愈。做官的忠言多阻于邪议，先失后得。,吉,,营谋难遂，或明而受蔽，争诉日起，或手足有疾，难于做事。做官的有告休之兆。,平,,明而受蔽，得人解释而吉。做官的受到领导和同僚的猜忌，位不安。,平,,会得好人提举，谋望称意。读书人会取得佳绩。,吉,,骨肉相残，离祖成家，难免口舌之争。做官的位高者有危。,凶,,,
56,离艮,离为火,2,艮为山,6,,旅,火山旅,事多变动，如在异乡，小事可成，大事难成，宜谨守常规。,䷷,运气不佳，须防祸难。做官的有才但不能受到上司的重用。,凶,,运气转好，营谋有成。做官的显耀。,吉,,运势转坏，多灾多难。做官的有离职之忧。,凶,,在外者会有所成就，但美中不足，有忧惨是非之事发生。从商者会获利。,凶,,会得到老者的帮助，事有所成。,吉,,先好后坏，或迁居修造以避灾难，或有目疾，或会遭火灾。做官的难保其位，有先得后失之忧。,凶,,,
57,巽巽,巽为风,4,巽为风,4,,巽,巽为风,运势起伏不定，宜随机应变，谦虚行事，则可得意外之收获。,䷸,有得有失，不良者多招诽谤。做官的或有差役，进退不一，或有兼权，难中有易。,平,,诚恳待人，谋望获利。做官的有升迁之机。,吉,,运势低迷，有穷困之厄。做官的有被贬职之忧。,凶,,正当好运，多福多利。读书人会取得佳绩。,吉,,谋望有成，无往不利。做官的先阻后顺。,吉,,多损失，或生疾病。做官的有运不逢时，须谨慎。,凶,,,
58,兑兑,兑为泽,1,兑为泽,1,吉,兑,兑为泽,多喜庆之事，人情和合，但应坚守正道，否则犯灾。,䷹,人情和合，百谋皆遂。,吉,,正当好运，事事和顺。做官的有升迁之兆。,吉,,会有意外之祸，甚者则失道忘身。做官的有听信谗言而遭辱之忧。,凶,,从商获利，或进人口，不良者或有疾病，谋望不成。做官的会身居要职，升迁有望。,平,,时运不佳，多意外之祸。做官的会受到小人的诽谤。,凶,,营谋不顺，谨防有忧。,平,,,
59,巽坎,巽为风,4,坎为水,5,,涣,风水涣,初有不顺，但终可解困，凡事宜小心则百事亨通，忌任性放纵。,䷺,得尊上提举，营谋皆遂。做官的会受到重用，有望晋升。,吉,,谋望有成，或会成家。做官的有实权。,平,,常人获利。做官的出外就职。,平,,先凶后吉，谋望和合，求利可获。做官的会身居要职。,吉,,正当好运，事事皆吉，求利者遂。做官的会升迁。,吉,,先难后易，运势好转。做官的外出就职者会有灾难。,平,,,
60,坎兑,坎为水,5,兑为泽,1,,节,水泽节,宜安分守己，切忌贪心不足，诸事必须节制，不宜过份，更要戒酒色。,䷻,进取不利，宜守旧。,平,,时运不佳，事多乖离，宜动不宜静。做官的不得时运。,凶,,多辛苦，少收获。,平,,秉公守法，安于正道，福利可获。做官的会得到上司的欣赏，升迁有望。,吉,,正当好运，谋望有成。,吉,,不得天时，名利皆无。做官的不知变通，前途渺茫。,凶,,,
61,巽兑,巽为风,4,兑为泽,1,,中孚,风泽中孚,正直诚信者吉利，会得到朋友的帮助，谋事可成；心存邪念者则凶。,䷼,得贵人提举，谋事有成，但喜中有忧，宜行正道，修身养性，不可逸乐。做官的会受到举荐，能居要职。,吉,,无往不利，多进钱财，或生子。做官的会晋升。,吉,,喜中有忧，事多反复。做官的同僚不睦，先进后退。,凶,,能得到提拔，但有失去配偶或财产之忧。做官的会晋升，身居要位。,平,,人情和合，谋事有成，无往不利。做官的君臣一心，会得到上司的赞赏。,吉,,多虚少实，前路凶险。经商者会有损失。做官的有近颜之喜。,凶,,,
62,震艮,震为雷,3,艮为山,6,,小过,雷山小过,诸事不利，宜行小事，不宜成大事，更防因自身的过失惹来是非争讼。,䷽,不得天时，灾难突来。做官的有骤然取祸之忧。读书人则有一飞冲天之兆。,凶,,得贵人指引，谋望有成。做官的严于律己，恪守己职，则升迁有望。,平,,时运不济，谨防意外。做官的须防小人奸邪之辈所害。,凶,,宜安常守职，不可妄动。,平,,不利谋事，守旧为佳。做官的有告休之危。,平,,时运不佳，不知退守，过刚则折。,凶,,,
63,坎离,坎为水,5,离为火,2,,既济,水火既济,事业有成，成功之象，但谨防盛极必衰，宜退守为吉，再进则凶。,䷾,时运未到，欲动未动，安保无虞。做官的有职未受，有位未登。,平,,先难后易，做官的有先逆后顺之美。,平,,有结怨争诉之损。做官的多差遣征伐之举。,凶,,时运平平，有备则无患。做官的须做好预防，则爵禄稳固。,平,,近谋有实，远谋多虚，不利东方，利于西方。,吉,,小人侵扰，坐船者，防溺水之灾。做官的有过刚则折之忧。,凶,,,
64,离坎,离为火,2,坎为水,5,,未济,火水未济,运势不通，诸事不能如愿，宜由小及大，稳步进取，要耐心去突破难关，则终可成功。,䷿,经营不利，涉水行舟者，谨防溺水之患。做官的仕途有阻，不能前进。,凶,,安份守纪者，谋望遂意。做官的克服困难者，晋升有望。,吉,,宜见机行事，不宜妄动。做官的有因人成事之美。在商旅则涉川历险而利可获。,凶,,会得好人提举，获利丰厚。做官的会受到重用，名利双全。读书人会取得佳绩。,吉,,谋望有成，财利丰厚。做官的能得到升迁。,吉,,行险而顺，不良者有溺水之厄，纵酒之灾。做官的有望升迁。,平,,,
